url,path,title
https://www.amazon.cn/%E5%9B%BE%E4%B9%A6/dp/B00XOGE7HO,小说/推理小说,
https://www.amazon.cn/kindle-store/dp/B013SMD0PI,小说/推理小说,虚无的十字架
https://www.amazon.cn/%E8%9A%95-%E5%93%88%E5%88%A9%E6%B3%A2%E7%89%B9%E4%BD%9C%E8%80%85J-K-%E7%BD%97%E7%90%B3%E5%88%9B%E4%BD%9C%E6%8E%A8%E7%90%86%E5%B0%8F%E8%AF%B4-%E7%BD%97%E4%BC%AF%E7%89%B9%C2%B7%E5%8A%A0%E5%B0%94%E5%B8%83%E9%9B%B7%E6%80%9D-J-K-%E7%BD%97%E7%90%B3/dp/B01CTLVE9S,小说/推理小说,蚕哈利波特作者JK罗琳创作推理小说
https://www.amazon.cn/%E9%9F%A9%E7%86%99%E8%BD%BD%E5%A4%9C%E5%AE%B4-%E5%90%B4%E8%94%9A/dp/B0177U4KWO,小说/推理小说,韩熙载夜宴中国古代大案探奇录
https://www.amazon.cn/%E4%BD%99%E7%BD%AA-%E6%88%91%E7%9A%84%E5%88%91%E4%BE%A6%E7%AC%94%E8%AE%B02-%E5%B8%B8%E4%B9%A6%E6%AC%A3/dp/B019XTCEHU,小说/推理小说,余罪我的刑侦笔记2全网口碑爆棚2016年年度火爆小说媒体争相报道余罪上市一个月热卖20万册带你窥探这个时代的黑暗角落领略触目惊心的真实景象马伯庸小桥老树倾情力荐
https://www.amazon.cn/%E8%A7%A3%E5%BF%A7%E6%9D%82%E8%B4%A7%E5%BA%97-%E4%B8%9C%E9%87%8E%E5%9C%AD%E5%90%BE/dp/B00NOQNHP2,小说/推理小说,解忧杂货店
https://www.amazon.cn/%E4%BD%99%E7%BD%AA-%E6%88%91%E7%9A%84%E5%88%91%E4%BE%A6%E7%AC%94%E8%AE%B03-%E5%B8%B8%E4%B9%A6%E6%AC%A3/dp/B01DKFSVI4,小说/推理小说,余罪我的刑侦笔记3手太狠警王VS贼王巅峰对决带你窥探这个时代的黑暗角落领略触目惊心的真实景象全网口碑爆棚马伯庸小桥老树蔡骏周浩晖孔二狗倾情力荐余罪余罪2累计畅销超过30万册
https://www.amazon.cn/%E4%BD%99%E7%BD%AA-%E6%88%91%E7%9A%84%E5%88%91%E4%BE%A6%E7%AC%94%E8%AE%B0-%E5%B8%B8%E4%B9%A6%E6%AC%A3/dp/B017DBJIAG,小说/推理小说,余罪我的刑侦笔记现象级畅销书粉丝熬夜追读水太深一个传奇警察和毒贩悍匪黑道大佬的交锋实录带你窥探这个时代的黑暗角落领略触目惊心的真实景象著名作家马伯庸小桥老树狂热推荐
https://www.amazon.cn/%E7%A6%8F%E5%B0%94%E6%91%A9%E6%96%AF%E6%8E%A2%E6%A1%88%E9%9B%86-%E6%9F%AF%E5%8D%97%C2%B7%E9%81%93%E5%B0%94%E8%91%97/dp/B00T5EI1HG,小说/推理小说,福尔摩斯探案集套装共4册
https://www.amazon.cn/%E5%9B%BE%E4%B9%A6/dp/B00YXFDT1K,小说/推理小说,
https://www.amazon.cn/%E7%99%BD%E5%A4%9C%E8%A1%8C-%E4%B8%9C%E9%87%8E%E5%9C%AD%E5%90%BE/dp/B00BXX5DDM,小说/推理小说,白夜行
https://www.amazon.cn/%E8%9D%B4%E8%9D%B6%E6%A2%A6-%E8%BE%BE%E8%8A%99%E5%A6%AE%E2%80%A2%E6%9D%9C%E7%A9%86%E9%87%8C%E5%9F%83-%E6%96%B9%E5%8D%8E%E6%96%87/dp/B01AL0NKKA,小说/推理小说,蝴蝶梦全球公认20世纪伟大爱情经典大陆独家合法授权20世纪百部推理经典BBC百部英国人挚爱文学1938年美国国家图书奖希区柯克电影原著我错了我曾以为付出自己就是爱你读客全球顶级畅销小说文库229
https://www.amazon.cn/%E5%AB%8C%E7%96%91%E4%BA%BAX%E7%9A%84%E7%8C%AE%E8%BA%AB-%E4%B8%9C%E9%87%8E%E5%9C%AD%E5%90%BE/dp/B00A4QLGJY,小说/推理小说,嫌疑人X的献身
https://www.amazon.cn/%E7%A6%8F%E5%B0%94%E6%91%A9%E6%96%AF%E6%8E%A2%E6%A1%88%E5%85%A8%E9%9B%86-%E6%9F%AF%E5%8D%97%E9%81%93%E5%B0%94/dp/B00NORFMIG,小说/推理小说,福尔摩斯探案全集套装共11册
https://www.amazon.cn/%E7%A7%98%E5%AF%86-%E6%97%A5-%E4%B8%9C%E9%87%8E%E5%9C%AD%E5%90%BE/dp/B00QM20GC2,小说/推理小说,秘密日本超畅销悬疑小说广末凉子倾情演绎同名电影推理小说史上罕见三冠王东野圭吾通往巅峰之作
https://www.amazon.cn/%E6%97%A0%E5%A3%B0%E5%91%8A%E7%99%BD-%E4%BC%8D%E7%BB%AE%E8%AF%97/dp/B00ZWTY2JO,小说/推理小说,无声告白2014美国亚马逊最佳图书第1名我们终此一生就是要摆脱他人的期待找到真正的自己读客全球顶级畅销小说文库218
url,path,title
https://www.amazon.cn/%E5%9B%BE%E4%B9%A6/dp/B00XOGE7HO,小说/推理小说,东野圭吾天王套解忧杂货店白夜行嫌疑人X的献身恶意套装共4册
https://www.amazon.cn/%E9%9F%A9%E7%86%99%E8%BD%BD%E5%A4%9C%E5%AE%B4-%E5%90%B4%E8%94%9A/dp/B0177U4KWO,小说/推理小说,韩熙载夜宴中国古代大案探奇录
https://www.amazon.cn/%E8%A7%A3%E5%BF%A7%E6%9D%82%E8%B4%A7%E5%BA%97-%E4%B8%9C%E9%87%8E%E5%9C%AD%E5%90%BE/dp/B00NOQNHP2,小说/推理小说,解忧杂货店
https://www.amazon.cn/%E4%BD%99%E7%BD%AA-%E6%88%91%E7%9A%84%E5%88%91%E4%BE%A6%E7%AC%94%E8%AE%B03-%E5%B8%B8%E4%B9%A6%E6%AC%A3/dp/B01DKFSVI4,小说/推理小说,余罪我的刑侦笔记3手太狠警王VS贼王巅峰对决带你窥探这个时代的黑暗角落领略触目惊心的真实景象全网口碑爆棚马伯庸小桥老树蔡骏周浩晖孔二狗倾情力荐余罪余罪2累计畅销超过30万册
https://www.amazon.cn/%E8%9A%95-%E5%93%88%E5%88%A9%E6%B3%A2%E7%89%B9%E4%BD%9C%E8%80%85J-K-%E7%BD%97%E7%90%B3%E5%88%9B%E4%BD%9C%E6%8E%A8%E7%90%86%E5%B0%8F%E8%AF%B4-%E7%BD%97%E4%BC%AF%E7%89%B9%C2%B7%E5%8A%A0%E5%B0%94%E5%B8%83%E9%9B%B7%E6%80%9D-J-K-%E7%BD%97%E7%90%B3/dp/B01CTLVE9S,小说/推理小说,蚕哈利波特作者JK罗琳创作推理小说
https://www.amazon.cn/kindle-store/dp/B013SMD0PI,小说/推理小说,虚无的十字架
https://www.amazon.cn/%E4%BD%99%E7%BD%AA-%E6%88%91%E7%9A%84%E5%88%91%E4%BE%A6%E7%AC%94%E8%AE%B02-%E5%B8%B8%E4%B9%A6%E6%AC%A3/dp/B019XTCEHU,小说/推理小说,余罪我的刑侦笔记2全网口碑爆棚2016年年度火爆小说媒体争相报道余罪上市一个月热卖20万册带你窥探这个时代的黑暗角落领略触目惊心的真实景象马伯庸小桥老树倾情力荐
https://www.amazon.cn/%E5%9B%BE%E4%B9%A6/dp/B00YXFDT1K,小说/推理小说,说故事的人
https://www.amazon.cn/%E4%BD%99%E7%BD%AA-%E6%88%91%E7%9A%84%E5%88%91%E4%BE%A6%E7%AC%94%E8%AE%B0-%E5%B8%B8%E4%B9%A6%E6%AC%A3/dp/B017DBJIAG,小说/推理小说,余罪我的刑侦笔记现象级畅销书粉丝熬夜追读水太深一个传奇警察和毒贩悍匪黑道大佬的交锋实录带你窥探这个时代的黑暗角落领略触目惊心的真实景象著名作家马伯庸小桥老树狂热推荐
https://www.amazon.cn/%E7%A6%8F%E5%B0%94%E6%91%A9%E6%96%AF%E6%8E%A2%E6%A1%88%E5%85%A8%E9%9B%86-%E6%9F%AF%E5%8D%97%E9%81%93%E5%B0%94/dp/B00NORFMIG,小说/推理小说,福尔摩斯探案全集套装共11册
https://www.amazon.cn/%E7%A6%8F%E5%B0%94%E6%91%A9%E6%96%AF%E6%8E%A2%E6%A1%88%E9%9B%86-%E6%9F%AF%E5%8D%97%C2%B7%E9%81%93%E5%B0%94%E8%91%97/dp/B00T5EI1HG,小说/推理小说,福尔摩斯探案集套装共4册
https://www.amazon.cn/%E7%A7%98%E5%AF%86-%E6%97%A5-%E4%B8%9C%E9%87%8E%E5%9C%AD%E5%90%BE/dp/B00QM20GC2,小说/推理小说,秘密日本超畅销悬疑小说广末凉子倾情演绎同名电影推理小说史上罕见三冠王东野圭吾通往巅峰之作
https://www.amazon.cn/%E5%AB%8C%E7%96%91%E4%BA%BAX%E7%9A%84%E7%8C%AE%E8%BA%AB-%E4%B8%9C%E9%87%8E%E5%9C%AD%E5%90%BE/dp/B00A4QLGJY,小说/推理小说,嫌疑人X的献身
https://www.amazon.cn/%E7%99%BD%E5%A4%9C%E8%A1%8C-%E4%B8%9C%E9%87%8E%E5%9C%AD%E5%90%BE/dp/B00BXX5DDM,小说/推理小说,白夜行
https://www.amazon.cn/%E8%9D%B4%E8%9D%B6%E6%A2%A6-%E8%BE%BE%E8%8A%99%E5%A6%AE%E2%80%A2%E6%9D%9C%E7%A9%86%E9%87%8C%E5%9F%83-%E6%96%B9%E5%8D%8E%E6%96%87/dp/B01AL0NKKA,小说/推理小说,蝴蝶梦全球公认20世纪伟大爱情经典大陆独家合法授权20世纪百部推理经典BBC百部英国人挚爱文学1938年美国国家图书奖希区柯克电影原著我错了我曾以为付出自己就是爱你读客全球顶级畅销小说文库229
https://www.amazon.cn/%E9%9C%8D%E6%AF%94%E7%89%B9%E4%BA%BA%EF%BC%8B%E9%AD%94%E6%88%92%E4%B8%89%E9%83%A8%E6%9B%B2-%E8%8B%B1-J-R-R-%E6%89%98%E5%B0%94%E9%87%91/dp/B00NZPNOF0,小说/玄幻小说,霍比特人魔戒三部曲
https://www.amazon.cn/%E5%B9%BB%E5%9F%8E-%E9%83%AD%E6%95%AC%E6%98%8E/dp/B0018J9BUW,小说/玄幻小说,幻城
https://www.amazon.cn/%E9%9C%8D%E6%AF%94%E7%89%B9%E4%BA%BA-J-R-R%C2%B7%E6%89%98%E5%B0%94%E9%87%91/dp/B00IJ7HXW4,小说/玄幻小说,霍比特人试读版
https://www.amazon.cn/%E5%9B%BE%E4%B9%A6/dp/B015DNRG64,小说/玄幻小说,生命不息归来
https://www.amazon.cn/%E5%9C%B0%E6%B5%B7%E4%BC%A0%E5%A5%87%E5%85%AD%E9%83%A8%E6%9B%B2-%E5%8E%84%E4%BC%91%E6%8B%89%C2%B7%E5%8B%92%E5%8F%A4%E6%81%A9/dp/B016KJ282M,小说/玄幻小说,地海传奇六部曲套装共6册读客全球顶级畅销小说文库
https://www.amazon.cn/%E6%82%89%E8%BE%BE%E5%A4%9A-%E8%B5%AB%E5%B0%94%E6%9B%BC%C2%B7%E9%BB%91%E5%A1%9E/dp/B00KGWLFUQ,小说/玄幻小说,悉达多黑塞作品集
https://www.amazon.cn/%E5%A6%BB%E5%A6%BE%E6%88%90%E7%BE%A4-%E8%8B%8F%E7%AB%A5/dp/B00LEFJMRC,小说/玄幻小说,妻妾成群中篇小说金库
https://www.amazon.cn/%E5%9B%BE%E4%B9%A6/dp/B01AFVID34,文学/文学评论与鉴赏/戏剧,走近汤显祖精汤显祖研究丛刊
https://www.amazon.cn/%E5%9B%BE%E4%B9%A6/dp/B00YEFHMN0,小说/玄幻小说,冰与火之歌系列全集权力的游戏列王的纷争冰雨的风暴群鸦的盛宴魔龙的狂舞套装共15册
https://www.amazon.cn/%E7%88%B1%E7%9A%84%E7%96%AF%E7%8B%82%E4%B8%8E%E8%83%9C%E5%88%A9-%E8%8E%8E%E5%A3%AB%E6%AF%94%E4%BA%9A%E5%AF%BC%E8%AF%BB-%E7%BD%97%E4%BC%8A%E5%B0%94/dp/B017U6TSVI,文学/文学评论与鉴赏/戏剧,爱的疯狂与胜利莎士比亚导读
https://www.amazon.cn/%E9%AD%94%E6%88%92-J-R-R%C2%B7%E6%89%98%E5%B0%94%E9%87%91/dp/B00IJ7HXWO,小说/玄幻小说,魔戒试读版
https://www.amazon.cn/%E9%A5%A5%E9%A5%BF%E6%B8%B8%E6%88%8F-%E8%8B%8F%E7%8F%8A%C2%B7%E6%9F%AF%E6%9E%97%E6%96%AF/dp/B00967XSIE,小说/玄幻小说,饥饿游戏套装共3册
https://www.amazon.cn/%E4%BC%91%E8%B0%9F%E8%AE%BA%E8%AF%B4%E6%96%87%E9%9B%86%E5%8D%B72-%E8%AE%BA%E9%81%93%E5%BE%B7%E4%B8%8E%E6%96%87%E5%AD%A6-%E5%A4%A7%E5%8D%AB%E2%80%A2%E4%BC%91%E8%B0%9F/dp/B0067HGN3I,文学/文学理论/文学的基础理论,休谟论说文集卷2论道德与文学
https://www.amazon.cn/%E5%9B%BE%E4%B9%A6/dp/B00W8QZJ5K,文学/文学评论与鉴赏/诗歌词曲,小词大雅叶嘉莹说词的修养与境界
https://www.amazon.cn/%E5%9B%BE%E4%B9%A6/dp/B009DCXK44,文学/文学评论与鉴赏/诗歌词曲,人间词话插图本增订版
https://www.amazon.cn/%E5%A9%89%E7%BA%A6%E8%AF%8D-%E6%9D%8E%E6%B8%85%E7%85%A7/dp/B00AFRZQEI,文学/文学评论与鉴赏/诗歌词曲,婉约词
https://www.amazon.cn/%E5%9B%BE%E4%B9%A6/dp/B0196CUIHW,文学/文学评论与鉴赏/诗歌词曲,鲁迅诗文精选集野草
https://www.amazon.cn/%E9%AD%94%E6%88%92%E4%B8%89%E9%83%A8%E6%9B%B2-%E8%8B%B1-J-R-R-%E6%89%98%E5%B0%94%E9%87%91-%E9%82%93%E5%98%89%E5%AE%9B-%E7%9F%B3%E4%B8%AD%E6%AD%8C-%E6%9D%9C%E8%95%B4%E6%85%88-%E8%AF%91/dp/B00NZKTYM2,小说/玄幻小说,魔戒三部曲
https://www.amazon.cn/%E4%BA%BA%E9%97%B4%E8%AF%8D%E8%AF%9D-%E5%9B%BD%E6%B0%91%E9%98%85%E8%AF%BB%E7%BB%8F%E5%85%B8-%E7%8E%8B%E5%9B%BD%E7%BB%B4%E8%91%97-%E5%BE%90%E8%B0%83%E5%AD%9A%E6%A0%A1%E6%B3%A8/dp/B00QA3P6L4,文学/文学评论与鉴赏/诗歌词曲,人间词话国民阅读经典
https://www.amazon.cn/%E5%85%88%E7%A7%A6%E4%B8%A4%E6%B1%89%E9%AD%8F%E6%99%8B%E5%8D%97%E5%8C%97%E6%9C%9D%E8%AF%97%E6%AD%8C%E9%89%B4%E8%B5%8F%E8%BE%9E%E5%85%B8-%E9%AD%8F%E8%80%95%E5%8E%9F/dp/B00XCLVCW4,文学/文学评论与鉴赏/诗歌词曲,先秦两汉魏晋南北朝诗歌鉴赏辞典中国古典诗词曲赋鉴赏系列工具书
https://www.amazon.cn/%E8%83%A1%E8%AF%B4-%E8%83%A1%E9%80%82/dp/B00BLYZQLM,文学/文学评论与鉴赏/诗歌词曲,胡说
https://www.amazon.cn/%E5%9B%BE%E4%B9%A6/dp/B00NSIT6WE,文学/文学评论与鉴赏/诗歌词曲,蒋勋说宋词修订版
https://www.amazon.cn/%E5%9B%BE%E4%B9%A6/dp/B00VWVAGP0,文学/文学评论与鉴赏/诗歌词曲,中国最美语文系列温和地走进宋词的凉夜
https://www.amazon.cn/%E4%BA%BA%E9%97%B4%E8%AF%8D%E8%AF%9D-%E7%8E%8B%E5%9B%BD%E7%BB%B4/dp/B00OZFM4UU,文学/文学评论与鉴赏/诗歌词曲,人间词话插图本
https://www.amazon.cn/%E8%AF%97%E7%BB%8F%E6%A5%9A%E8%BE%9E%E9%89%B4%E8%B5%8F%E8%BE%9E%E5%85%B8-%E5%91%A8%E5%95%B8%E5%A4%A9/dp/B00XCLULVM,文学/文学评论与鉴赏/诗歌词曲,诗经楚辞鉴赏辞典中国古典诗词曲赋鉴赏系列工具书
https://www.amazon.cn/%E5%9B%BE%E4%B9%A6/dp/B00LHD0OPK,文学/文学评论与鉴赏/诗歌词曲,声律启蒙与笠翁对韵探源精解
https://www.amazon.cn/%E5%94%90%E8%AF%97%E9%89%B4%E8%B5%8F%E8%BE%9E%E5%85%B8-%E5%91%A8%E5%95%B8%E5%A4%A9/dp/B008QM2SGS,文学/文学评论与鉴赏/诗歌词曲,唐诗鉴赏辞典中国古典诗词曲赋鉴赏系列工具书
https://www.amazon.cn/%E5%9B%BE%E4%B9%A6/dp/B015XIRG82,文学/文学理论/文学的基础理论,寂寞是毒也是解药
https://www.amazon.cn/%E4%BA%BA%E6%96%87%E5%8D%81%E4%B8%89%E6%AD%A5-%E5%88%98%E5%86%8D%E5%A4%8D/dp/B004BJ1AXM,文学/文学理论/文学的基础理论,人文十三步
https://www.amazon.cn/%E5%9B%BE%E4%B9%A6/dp/B01AJS52QO,文学/文学评论与鉴赏/诗歌词曲,在最深的红尘里重逢仓央嘉措诗传附白落梅手书仓央嘉措情诗海报明信片签章版
https://www.amazon.cn/%E4%BA%BA%E9%97%B4%E8%AF%8D%E8%AF%9D-%E7%8E%8B%E5%9B%BD%E7%BB%B4/dp/B009FRHR14,文学/文学评论与鉴赏/诗歌词曲,人间词话
https://www.amazon.cn/%E5%AE%8B%E8%AF%8D%E9%89%B4%E8%B5%8F%E8%BE%9E%E5%85%B8-%E5%94%90%E5%9C%AD%E7%92%8B/dp/B00XCLVDKA,文学/文学评论与鉴赏/诗歌词曲,宋词鉴赏辞典中国古典诗词曲赋鉴赏系列工具书
https://www.amazon.cn/%E5%9B%BE%E4%B9%A6/dp/B01420GG9M,文学/文学理论/文学的基础理论,犀牛字典附赠超酷设计感纹身贴4个
https://www.amazon.cn/%E5%9B%BE%E4%B9%A6/dp/B01A6I1R0M,文学/文学理论/文学的基础理论,荷马史诗中的生与死
https://www.amazon.cn/%E5%9B%BE%E4%B9%A6/dp/B01BY6E87Y,文学/文学理论/文学的基础理论,好剧本是改出来的
https://www.amazon.cn/%E5%9B%BE%E4%B9%A6/dp/B0116IDRT0,文学/文学理论/文学的基础理论,面向21世纪课程教材文学理论教程第五版
https://www.amazon.cn/%E8%AF%97%E8%AE%BA-%E6%9C%B1%E5%85%89%E6%BD%9C/dp/B008R72E98,文学/文学理论/文学的基础理论,诗论武汉大学百年名典
https://www.amazon.cn/%E5%9B%BE%E4%B9%A6/dp/B013W5TSVG,文学/文学理论/文学的基础理论,思享家丛书正义的可能附亚马逊独家明信片
https://www.amazon.cn/%E5%9B%BE%E4%B9%A6/dp/B00HL7JH3Q,文学/文学理论/文学的基础理论,你不可不知的人性套装共2册
https://www.amazon.cn/%E7%89%9B%E6%B4%A5%E9%80%9A%E8%AF%86%E8%AF%BB%E6%9C%AC-%E6%96%87%E5%AD%A6%E7%90%86%E8%AE%BA%E5%85%A5%E9%97%A8-%E4%B9%94%E7%BA%B3%E6%A3%AE%E2%80%A2%E5%8D%A1%E5%8B%92/dp/B00I2KOD9O,文学/文学理论/文学的基础理论,牛津通识读本文学理论入门中文版
https://www.amazon.cn/%E8%B0%88%E6%96%87%E5%AD%A6-%E6%9C%B1%E5%85%89%E6%BD%9C/dp/B005TP80OY,文学/文学理论/文学的基础理论,谈文学
https://www.amazon.cn/%E6%99%AE%E7%BD%97%E7%B1%B3%E4%BF%AE%E6%96%AF%E4%B9%8B%E7%BD%AA-%E5%88%98%E5%B0%8F%E6%9E%AB/dp/B008XCYBAW,文学/文学评论与鉴赏/戏剧,普罗米修斯之罪
https://www.amazon.cn/%E5%9B%BE%E4%B9%A6/dp/B00YTWCVQG,文学/文学理论/文学的基础理论,写给大家的西方美术史
https://www.amazon.cn/%E6%BA%90%E6%B3%89-%E5%AE%89%C2%B7%E5%85%B0%E5%BE%B7/dp/B00VLQ6CCW,文学/文学理论/文学的基础理论,源泉
https://www.amazon.cn/%E9%98%BF%E7%89%B9%E6%8B%89%E6%96%AF%E8%80%B8%E8%80%B8%E8%82%A9/dp/B00VLQ64C0,文学/文学理论/文学的基础理论,阿特拉斯耸耸肩重现经典
https://www.amazon.cn/%E5%BD%93%E6%88%91%E4%BB%AC%E9%98%85%E8%AF%BB%E6%97%B6-%E6%88%91%E4%BB%AC%E7%9C%8B%E5%88%B0%E4%BA%86%E4%BB%80%E4%B9%88-%E5%BD%BC%E5%BE%97%C2%B7%E6%9B%BC%E5%BE%B7%E5%B0%94%E6%A1%91%E5%BE%B7/dp/B01C6MGM7Y,文学/文学理论/文学的基础理论,当我们阅读时我们看到了什么
https://www.amazon.cn/%E5%9B%BE%E4%B9%A6/dp/B018528R8G,文学/文学评论与鉴赏/戏剧,晚清报载小说戏曲禁毁史料汇编套装共2册
https://www.amazon.cn/%E8%8E%8E%E5%A3%AB%E6%AF%94%E4%BA%9A%E7%A0%94%E7%A9%B6%E5%8D%81%E8%AE%B2-%E9%99%86%E8%B0%B7%E5%AD%99/dp/B0099MSTDA,文学/文学评论与鉴赏/戏剧,莎士比亚研究十讲名家专题精讲
https://www.amazon.cn/%E5%90%8D%E4%BD%9C%E6%AC%A3%E8%B5%8F-%E7%B2%BE%E5%8D%8E%E8%AF%BB%E6%9C%AC-%E4%B8%AD%E5%9B%BD%E7%8E%B0%E5%BD%93%E4%BB%A3%E6%95%A3%E6%96%87%E6%88%8F%E5%89%A7%E5%90%8D%E4%BD%9C%E6%AC%A3%E8%B5%8F-%E4%BD%99%E5%85%89%E4%B8%AD/dp/B00COXYFS4,文学/文学评论与鉴赏/戏剧,名作欣赏精华读本中国现当代散文戏剧名作欣赏
https://www.amazon.cn/%E5%9B%BE%E4%B9%A6/dp/B01BS91622,文学/文学评论与鉴赏/戏剧,汤显祖戏梦人生与文化求索
https://www.amazon.cn/%E5%9B%BE%E4%B9%A6/dp/B00JGEYJ3A,文学/文学评论与鉴赏/戏剧,京剧历史文献汇编清代卷续编套装共4册
https://www.amazon.cn/%E5%9B%BE%E4%B9%A6/dp/B013G46BM2,文学/文学评论与鉴赏/戏剧,从诗到曲套装上下册
https://www.amazon.cn/%E5%9B%BE%E4%B9%A6/dp/B0185IBT3U,文学/文学评论与鉴赏/戏剧,戏剧的毒药西班牙及拉丁美洲现代戏剧选
https://www.amazon.cn/%E5%9B%BE%E4%B9%A6/dp/B018LZK3RU,文学/文学评论与鉴赏/戏剧,西方传统经典与解释莎士比亚的历史剧
https://www.amazon.cn/%E5%90%8D%E4%BA%BA%E4%BC%A0-%E7%BD%97%E6%9B%BC%C2%B7%E7%BD%97%E5%85%B0/dp/B001C4ZFE4,文学/文学评论与鉴赏/戏剧,名人传增订版
https://www.amazon.cn/%E8%A5%BF%E5%8E%A2%E8%AE%B0-%E8%B4%AF%E5%8D%8E%E5%A0%82%E7%AC%AC%E5%85%AD%E6%89%8D%E5%AD%90%E4%B9%A6-%E9%87%91%E5%9C%A3%E5%8F%B9/dp/B001RVUJ6G,文学/文学评论与鉴赏/戏剧,西厢记贯华堂第六才子书
https://www.amazon.cn/%E5%9B%BE%E4%B9%A6/dp/B01D2V5E72,文学/文学评论与鉴赏/戏剧,古希腊神话与悲剧
https://www.amazon.cn/%E6%A2%81%E5%B1%B1%E4%BC%AF%E4%B8%8E%E7%A5%9D%E8%8B%B1%E5%8F%B0-%E4%BD%9A%E5%90%8D/dp/B00AFRZQCU,文学/文学评论与鉴赏/戏剧,梁山伯与祝英台
https://www.amazon.cn/%E5%9B%BE%E4%B9%A6/dp/B01B4EY5OM,小说/玄幻小说,鬼吹灯全集2016版套装共8册
https://www.amazon.cn/%E8%A7%82%E9%9F%B3-%E5%AE%89%E6%84%8F%E5%A6%82/dp/B00K0EQDA2,文学/文学评论与鉴赏/戏剧,观音安意如作品系列
https://www.amazon.cn/%E5%9B%BE%E4%B9%A6/dp/B0186O45KW,小说/玄幻小说,龙族4奥丁之渊
https://www.amazon.cn/%E5%9B%BE%E4%B9%A6/dp/B019SKIQBM,小说/玄幻小说,龙与地下铁
https://www.amazon.cn/%E7%89%A7%E7%BE%8A%E5%B0%91%E5%B9%B4%E5%A5%87%E5%B9%BB%E4%B9%8B%E6%97%85-%E4%BF%9D%E7%BD%97%E2%80%A2%E6%9F%AF%E8%89%BE%E7%95%A5/dp/B00200LO6C,小说/玄幻小说,牧羊少年奇幻之旅
https://www.amazon.cn/%E6%82%9F%E7%A9%BA%E4%BC%A0-%E4%BB%8A%E4%BD%95%E5%9C%A8/dp/B00CE1PKXA,小说/玄幻小说,悟空传完美纪念版
https://www.amazon.cn/%E5%9B%BE%E4%B9%A6/dp/B00LL0U684,文学/文学理论/文艺美学,西方文论经典第三卷从德国古典美学到自然主义
https://www.amazon.cn/%E5%9B%BE%E4%B9%A6/dp/B0179H3MHY,文学/文学理论/文艺美学,胡经之文集文艺美学中国古典文艺学比较文艺学等套装共5册
https://www.amazon.cn/%E5%9B%BE%E4%B9%A6/dp/B00L1SDW2S,文学/文学理论/文艺美学,文艺研究的数字审美之维
https://www.amazon.cn/%E4%B8%AD%E5%9B%BD%E7%9A%84%E7%BE%8E%E5%AD%A6%E5%92%8C%E6%96%87%E5%AD%A6%E7%90%86%E8%AE%BA-%E5%8D%9C%E6%9D%BE%E5%B1%B1/dp/B004FWWMDM,文学/文学理论/文艺美学,中国的美学和文学理论从传统到现代
https://www.amazon.cn/%E7%8E%B0%E8%B1%A1%E5%AD%A6%E8%A7%86%E9%98%88%E4%B8%8B%E5%A8%81%E5%BB%89%E6%96%AF%E8%AF%97%E6%AD%8C%E7%BE%8E%E5%AD%A6%E7%A0%94%E7%A9%B6-%E6%A2%81%E6%99%B6/dp/B01AJKDUUC,文学/文学理论/文艺美学,现象学视阈下威廉斯诗歌美学研究
https://www.amazon.cn/%E5%9B%BE%E4%B9%A6/dp/B01BEN5ICG,文学/文学理论/文艺美学,文学言语的修辞审美建构六庵文库
https://www.amazon.cn/%E5%9B%BE%E4%B9%A6/dp/B019ZD94XG,文学/文学理论/文艺美学,继承与反思马克思主义文艺美学观念对中国当代文艺学建设的影响
https://www.amazon.cn/%E8%AF%97%E6%AD%8C%E5%AE%A1%E7%BE%8E%E8%AE%BA-%E9%BB%84%E5%BF%97%E6%B5%A9/dp/B008XR442M,文学/文学理论/文艺美学,诗歌审美论
https://www.amazon.cn/%E6%97%A5%E6%9C%AC%E9%A3%8E%E9%9B%85-%E5%A4%A7%E8%A5%BF%E5%85%8B%E7%A4%BC/dp/B007WXSJKG,文学/文学理论/文艺美学,日本风雅
https://www.amazon.cn/%E6%9C%B1%E5%85%89%E6%BD%9C%E8%B0%88%E6%AC%A3%E8%B5%8F-%E6%9C%B1%E5%85%89%E6%BD%9C/dp/B00O0EGB5A,文学/文学理论/文艺美学,朱光潜谈欣赏
https://www.amazon.cn/%E6%97%A0%E5%A3%B0%E5%91%8A%E7%99%BD-%E4%BC%8D%E7%BB%AE%E8%AF%97/dp/B00ZWTY2JO,小说/推理小说,无声告白2014美国亚马逊最佳图书第1名我们终此一生就是要摆脱他人的期待找到真正的自己读客全球顶级畅销小说文库218
https://www.amazon.cn/%E6%95%B0%E5%AD%97%E7%BE%8E%E5%AD%A6-%E8%82%96%E6%81%A9%C2%B7%E5%BA%93%E6%AF%94%E7%89%B9/dp/B00AE41NZ8,文学/文学理论/文艺美学,数字美学新世纪美学译丛
https://www.amazon.cn/%E5%9B%BE%E4%B9%A6/dp/B00B2J6YIA,文学/文学理论/文艺美学,人文经典译丛美学与诗学诠释学的实施
https://www.amazon.cn/%E6%97%A5%E6%9C%AC%E5%8F%A4%E5%85%B8%E5%92%8C%E6%AD%8C%E5%AE%A1%E7%BE%8E%E6%96%B0%E8%A7%82%E7%82%B9-%E4%BB%A5-%E5%B0%8F%E4%BB%93%E7%99%BE%E4%BA%BA%E4%B8%80%E9%A6%96-%E4%B8%BA%E4%BE%8B-%E9%93%81%E5%86%9B/dp/B008H08PZW,文学/文学理论/文艺美学,日本古典和歌审美新观点以小仓百人一首为例日本语言文化传播丛书
https://www.amazon.cn/%E8%89%BA%E5%A2%83-%E5%AE%97%E7%99%BD%E5%8D%8E/dp/B009WM8Z90,文学/文学理论/文艺美学,艺境中华现代学术名著丛书
